{"cameraMode":{"drawMode":0,"name":"Shaded","section":"Shading Mode"},"sceneLighting":true,"audioPlay":false,"sceneViewState":{"m_AlwaysRefresh":false,"showFog":true,"showSkybox":true,"showFlares":true,"showImageEffects":true,"showParticleSystems":true,"showVisualEffectGraphs":true,"m_FxEnabled":true},"in2DMode":false,"pivot":{"x":1.1018532514572144,"y":-12.06341552734375,"z":6.347585678100586},"rotation":{"x":0.5194783806800842,"y":-0.03970332071185112,"z":0.024173157289624215,"w":0.8532181978225708},"size":22.791589736938478,"orthographic":false}